<?xml version="1.0" encoding="UTF-8" ?>
<beans xmlns="http://www.springframework.org/schema/beans"
       xmlns:xsi = "http://www.w3.org/2001/XMLSchema-instance"
       xmlns:context="http://www.springframework.org/schema/context"
       xmlns:aop="http://www.springframework.org/schema/aop"
       xmlns:tx="http://www.springframework.org/schema/tx"
       xsi:schemaLocation="http://www.springframework.org/schema/beans
        http://www.springframework.org/schema/beans/spring-beans-4.0.xsd
        http://www.springframework.org/schema/context
        http://www.springframework.org/schema/context/spring-context-4.0.xsd
        http://www.springframework.org/schema/aop
        http://www.springframework.org/schema/aop/spring-aop-4.0.xsd
        http://www.springframework.org/schema/tx
        http://www.springframework.org/schema/tx/spring-tx-4.0.xsd">

    <aop:aspectj-autoproxy proxy-target-class="true"/>
    <context:annotation-config/>
    <context:component-scan base-package="com.coder520"/>
    <context:property-placeholder location="classpath:jdbc.properties"/>
    <bean id="sqlSessionFactory" class="org.mybatis.spring.SqlSessionFactoryBean">
        <property name="dataSource" ref="dataSource"/>
        <property name="mapperLocations" value="classpath:com/coder520/**/**.xml"/>
    </bean>
    <bean class="org.mybatis.spring.mapper.MapperScannerConfigurer">
        <property name="basePackage" value="com.coder520"/>
        <property name="sqlSessionFactoryBeanName" value="sqlSessionFactory"/>
    </bean>
    <tx:annotation-driven transaction-manager="transactionManager"/>
    <bean id="transactionManager" class="org.springframework.jdbc.datasource.DataSourceTransactionManager">
        <property name="dataSource" ref="dataSource"/>

    </bean>

    <!--数据库-->
    <bean id ="dataSource" class="com.alibaba.druid.pool.DruidDataSource"
          destroy-method = "close" init-method="init">
        <!-- 数据库基本信息配置 -->
        <property name = "url" value = "${jdbc_url}" />
        <property name = "username" value = "${jdbc_username}" />
        <property name = "password" value = "${jdbc_password}" />

        <!--<property name = "maxOpenPreparedStatements" value ="${maxOpenPreparedStatements}"/>-->

        <property name = "initialSize" value = "0" />
        <property name = "maxActive" value = "20" />
        <property name = "minIdle" value = "0" />
        <property name = "maxWait" value = "60000" />
        <property name = "validationQuery" value = "${validationQuery}" />
        <property name = "testOnReturn" value = "false" />
        <property name = "testWhileIdle" value = "true" />
        <property name = "timeBetweenEvictionRunsMillis" value ="60000" />
        <property name = "minEvictableIdleTimeMillis" value ="25200000" />
        <property name = "removeAbandoned" value = "true"/>
        <property name = "removeAbandonedTimeout" value ="1800"/>
        <property name = "logAbandoned" value = "true"/>
        <property name = "filters" value = "mergeStat" />
    </bean>

</beans>