<?xml version="1.0" encoding="UTF-8" ?>
<beans xmlns="http://www.springframework.org/schema/beans"
       xmlns:xsi="http://www.w3.org/2001/XMLSchema-instance"
       xmlns:context="http://www.springframework.org/schema/context"
       xmlns:mvc="http://www.springframework.org/schema/mvc"
       xsi:schemaLocation="http://www.springframework.org/schema/mvc
       http://www.springframework.org/schema/mvc/spring-mvc-4.0.xsd
       http://www.springframework.org/schema/context
       http://www.springframework.org/schema/context/spring-context-4.0.xsd
       http://www.springframework.org/schema/beans
       http://www.springframework.org/schema/beans/spring-beans.xsd">


    <context:component-scan base-package="com.coder520"/>
    <mvc:annotation-driven/>
    <bean id="velocityConfigurer" class="org.springframework.web.servlet.view.velocity.VelocityConfigurer">
        <property name="resourceLoaderPath" value="/WEB-INF/views"/>
        <property name="velocityProperties">
            <props>
                <prop key="input.encoding">utf-8</prop>
                <prop key="output.encoding">utf-8</prop>
                <prop key="file.resource.loader.cache">false</prop>
                <prop key="file.resource.loader.modificationCheckInterval">1</prop>
                <prop key="velocimacro.library.autoreload">false</prop>
            </props>
        </property>
    </bean>
    <bean class="org.springframework.web.servlet.view.velocity.VelocityViewResolver">
        <property name="suffix" value=".vm"/>
        <property name="contentType" value="text/html;charset=utf-8"/>
        <!--<property name="dateToolAttribute" value="date"/>-->
    </bean>
</beans>